id,0,1
0,我,"['[ wǒ ]', '1.나 \xa0 2.우리 \xa0 3.자기']"
1,的,"['[ ‧de ]', '1.‘定语’ 의 뒤에 붙음 \xa0 2.한정어와 중심어의 관계가 일반적인 수식 관계임']"
2,你,"['[ nǐ ]', '1.너 \xa0 2.너희들 \xa0 3.사람 \xa0 4.서로의 의미를 나타냄']"
3,是,"['[ shì ]', '1.맞다 \xa0 2.옳다고 여기다 \xa0 3.예']"
4,了,"['[ ‧le ]', '1.동사 또는 형용사 뒤에 쓰여 동작 또는 변화가 이미 완료되었음을 나타냄 \xa0 2.실제로 이미 발생한 동작이나 변화에 사용됨']"
5,不,"['[ bù ]', '1.동사·형용사와 다른 부사의 앞에 쓰여 부정을 표시함 \xa0 2.현재·미래의 행위·동작·심리 상태·의지·가능성을 부정 \xa0 3.비동작 동사를 부정']"
6,们,"['[ zhè ]', '1.이 \xa0 2.이때 \xa0 3.이것 \xa0 4.이렇게']"
7,这,"['[ yī ]', '1.≒첫째 \xa0 2.같다 \xa0 3.하나의']"
8,一,"['[ tā ]', '1.그 \xa0 2.동사와 수량사 사이에 ‘{동사}+~+{수사}’의 형태로 쓰여 어세를 강하게 함 \xa0 3.다른 곳 \xa0 4.다른']"
9,他,"['[ ‧ma ]', '1.구말에 사용하여 의문을 표시함 \xa0 2.반어법을 구성하여 긍정의 뜻을 표시 함 \xa0 3.확실한 긍정의 어기를 나타냄']"
10,么,"['[ zài ]', '1.생존하다 \xa0 2.존재하다 \xa0 3.…에 있다 \xa0 4.참가하다']"
11,在,"['[ yǒu ]', '1.가지고 있다 \xa0 2.…만큼 되다 \xa0 3.생기다 \xa0 4.…되다']"
12,有,"['[ gè ]', '1.개 \xa0 2.개략적인 수 앞에 쓰임']"
13,个,"['[ hǎo ]', '1.좋다 \xa0 2.‘看·听·闻·吃·受·使·玩儿’ 등의 동사 앞에 쓰여 모양·소리·냄새·맛·감각 등이 만족할 만큼 좋음을 나타냄 \xa0 3.친근하다 \xa0 4.건강하다']"
14,好,"['[ lái ]', '1.오다 \xa0 2.발생하다 \xa0 3.하다']"
15,来,"['[ rén ]', '1.인간 \xa0 2.매인 \xa0 3.어른 \xa0 4.어떤 특정한 일에 종사하는 사람']"
16,人,"['[ nà ]', '1.저것 \xa0 2.그것 \xa0 3.그러면 \xa0 4.그렇다면']"
17,那,"['[ yào ]', '1.중요하다 \xa0 2.요점 \xa0 3.필요하다 \xa0 4.요구하다']"
18,中,"['[ zhōng ]', '1.한가운데 \xa0 2.중급 \xa0 3.안 \xa0 4.중개인']"
19,哦,"['[ qíng ]', '1.감정 \xa0 2.정분이나 체면 \xa0 3.호의 \xa0 4.애정']"
20,情,"['[ zuò ]', '1.제조하다 \xa0 2.짓다 \xa0 3.하다 \xa0 4.행하다']"
21,作,"['[ gēn ]', '1.뒤꿈치 \xa0 2.따라가다 \xa0 3.시집가다 \xa0 4.동작의 대상을 이끌어 들일 때 쓰임']"
22,跟,"['[ miàn ]', '1.쪽 \xa0 2.면전에서 \xa0 3.향하다 \xa0 4.만나다']"
23,面,"['[ sù ]', '1.알리다 \xa0 2.하소연하다 \xa0 3.사용하다 \xa0 4.고소하다']"
24,诉,"['[ ài ]', '1.사랑 \xa0 2.…하기를 좋아하다 \xa0 3.아끼다 \xa0 4.…하고 싶어하다']"
25,爱,"['[ yǐ ]', '1.그치다 \xa0 2.이미 \xa0 3.나중에 \xa0 4.너무']"
26,已,"['[ zhī ]', '1.가다 \xa0 2.그 \xa0 3.이']"
27,之,"['[ wèn ]', '1.묻다 \xa0 2.위문하다 \xa0 3.심문하다 \xa0 4.판결하다']"
28,问,"['[ cuò ]', '1.들쑥날쑥하다 \xa0 2.갈다 \xa0 3.교행하다 \xa0 4.놓치다']"
29,错,"['[ gāi ]', '1.층층대 뜰 \xa0 2.등급 \xa0 3.언덕 \xa0 4.계단']"
30,孩,"['[ sī ]', '1.이 \xa0 2.즉 \xa0 3.…의']"
31,斯,"['[ chéng ]', '1.이루다 \xa0 2.성사시키다 \xa0 3.되다 \xa0 4.성취']"
32,成,"['[ tā ]', '1.그 \xa0 2.저 \xa0 3.그것 \xa0 4.저것']"
33,它,"['[ gǎn ]', '1.느끼다 \xa0 2.감동시키다 \xa0 3.감사하다 \xa0 4.감기에 걸리다']"
34,感,"['[ gàn ]', '1.사물의 주체 또는 중요한 부분 \xa0 2.간부 \xa0 3.하다 \xa0 4.…하다']"
35,干,"['[ fǎ ]', '1.법 \xa0 2.방법 \xa0 3.표준 \xa0 4.모방하다']"
36,法,"['[ diàn ]', '1.전기 \xa0 2.감전하다 \xa0 3.‘电报’ 또는 ‘电话’의 준말 \xa0 4.전보를 치다']"
37,电,"['[ jiàn ]', '1.틈 \xa0 2.사이를 두다 \xa0 3.이간시키다 \xa0 4.솎다']"
38,间,"['[ nǎ ]', '1.어느 \xa0 2.어느 것']"
39,哪,"['[ xī ]', '1.서쪽 \xa0 2.서양 \xa0 3.‘西门子’의 준말 \xa0 4.성']"
40,西,"['[ hòu ]', '1.기다리다 \xa0 2.문안하다 \xa0 3.살피다 \xa0 4.돈을 치르다']"
41,候,"['[ cì ]', '1.순서 \xa0 2.제2의 \xa0 3.떨어지다 \xa0 4.차아']"
42,次,"['[ xìn ]', '1.확실하다 \xa0 2.확실히 \xa0 3.신용 \xa0 4.신임하다']"
43,相,"['[ xiàng ]', '1.외모 \xa0 2.물체의 외관 \xa0 3.사진 \xa0 4.자세']"
44,全,"['[ quán ]', '1.완전하다 \xa0 2.보전시키다 \xa0 3.전체의 \xa0 4.전부']"
45,杀,"['[ shā ]', '1.죽이다 \xa0 2.베다 \xa0 3.죽다 \xa0 4.싸우다']"
46,需,"['[ xū ]', '1.필요로 하다 \xa0 2.요구되다 \xa0 3.필수품 \xa0 4.수요']"
47,放,"['[ fàng ]', '1.놓아 주다 \xa0 2.파하다 \xa0 3.거리낌 없이 하다 \xa0 4.방목하다']"
48,常,"['[ cháng ]', '1.일반적인 \xa0 2.불변의 \xa0 3.자주 \xa0 4.법칙']"
49,直,"['[ zhí ]', '1.곧다 \xa0 2.수직이다 \xa0 3.세로의 \xa0 4.곧게 하다']"
50,才,"['[ cái ]', '1.재능 \xa0 2.재능이 있는 사람 \xa0 3.사람을 비방해서 하는 말 \xa0 4.재목을 재는 단위']"
51,于,"['[ yú ]', '1.…에게 \xa0 2.…부터 \xa0 3.…보다 \xa0 4.…에게']"
52,带,"['[ dài ]', '1.띠 \xa0 2.타이어 \xa0 3.지대 \xa0 4.백대']"
53,今,"['[ jīn ]', '1.지금 \xa0 2.지금의 \xa0 3.이']"
54,工,"['[ gōng ]', '1.일꾼 \xa0 2.노동 \xa0 3.공사 \xa0 4.공업']"
55,许,"['[ xǔ ]', '1.칭찬하다 \xa0 2.약속하다 \xa0 3.약혼하다 \xa0 4.허가하다']"
56,东,"['[ dōng ]', '1.동쪽 \xa0 2.주인 \xa0 3.초대자 \xa0 4.성']"
57,名,"['[ míng ]', '1.이름 \xa0 2.이름을 …라고 하다 \xa0 3.명목 \xa0 4.명성']"
58,同,"['[ tóng ]', '1.같다 \xa0 2.…와 같다 \xa0 3.함께 \xa0 4.…와 함께']"
59,长,"['[ cháng ]', '1.길다 \xa0 2.공간적 거리 \xa0 3.시간적 거리 \xa0 4.길이']"
60,亦,"['[ yì ]', '1.…도 역시 \xa0 2.다만 …뿐 \xa0 3.성']"
61,种,"['[ zhǒng ]', '1.품종 \xa0 2.인종 \xa0 3.씨 \xa0 4.밸']"
62,者,"['[ zhě ]', '1.것 \xa0 2.자 \xa0 3.…란']"
63,嘿,"['[ hēi ]', '1.어이 \xa0 2.야 \xa0 3.하']"
64,学,"['[ xué ]', '1.배우다 \xa0 2.모방하다 \xa0 3.학문 \xa0 4.학과']"
65,安,"['[ ān ]', '1.안정되다 \xa0 2.안정시키다 \xa0 3.평안히 \xa0 4.마음에 편안히 여기다']"
66,尔,"['[ ěr ]', '1.너 \xa0 2.이러하다 \xa0 3.그것 \xa0 4.耳(2)']"
67,叫,"['[ jiào ]', '1.외치다 \xa0 2.짖다 \xa0 3.소리를 내다 \xa0 4.불러오다']"
68,解,"['[ jiě ]', '1.나누다 \xa0 2.열다 \xa0 3.없애다 \xa0 4.해석하다']"
69,其,"['[ qí ]', '1.그 \xa0 2.그러한 것 \xa0 3.어찌 \xa0 4.당연히 …해야 한다']"
70,离,"['[ lí ]', '1.분리하다 \xa0 2.…에서 \xa0 3.결핍하다 \xa0 4.떨어지다']"
71,谈,"['[ tán ]', '1.말하다 \xa0 2.언론 \xa0 3.성']"
72,又,"['[ yòu ]', '1.거듭 \xa0 2.한편 \xa0 3.그 위에 \xa0 4.…하였으나 또']"
73,新,"['[ xīn ]', '1.새롭다 \xa0 2.새롭게 하다 \xa0 3.새 \xa0 4.새사람']"
74,更,"['[ gèng ]', '1.더욱 \xa0 2.일층 더 \xa0 3.다시 \xa0 4.또']"
75,钱,"['[ qián ]', '1.동전 \xa0 2.화폐 \xa0 3.자금 \xa0 4.값']"
76,马,"['[ mǎ ]', '1.큰 \xa0 2.말 \xa0 3.성']"
77,思,"['[ sī ]', '1.생각하다 \xa0 2.그리워하다 \xa0 3.바라다 \xa0 4.사상']"
78,部,"['[ bù ]', '1.부분 \xa0 2.부 \xa0 3.부대']"
79,场,"['[ chǎng ]', '1.장소 \xa0 2.무대 \xa0 3.일이 발생한 장소 \xa0 4.장면']"
80,嗯,"['[ èng ]', '1.응 \xa0 2.그래']"
81,计,"['[ jì ]', '1.세다 \xa0 2.계량기 \xa0 3.계획 \xa0 4.계획하다']"
82,任,"['[ rèn ]', '1.임명하다 \xa0 2.맡다 \xa0 3.감내하다 \xa0 4.직무']"
83,确,"['[ què ]', '1.진실하다 \xa0 2.튼튼하다 \xa0 3.확실히 \xa0 4.埆']"
84,吃,"['[ chī ]', '1.먹다 \xa0 2.식사하다 \xa0 3.생활하다 \xa0 4.전멸시키다']"
85,始,"['[ shǐ ]', '1.처음 \xa0 2.시작하다 \xa0 3.비로소 \xa0 4.성']"
86,结,"['[ jié ]', '1.매다 \xa0 2.매듭 \xa0 3.엉기다 \xa0 4.맺다']"
87,利,"['[ lì ]', '1.예리하다 \xa0 2.편하다 \xa0 3.이익 \xa0 4.이윤']"
88,朋,"['[ péng ]', '1.벗 \xa0 2.결당하다 \xa0 3.비교하다 \xa0 4.같이하다']"
89,警,"['[ jǐng ]', '1.경계하다 \xa0 2.예민하다 \xa0 3.경고하다 \xa0 4.위급한 상황']"
90,士,"['[ shì ]', '1.옛날, 미혼 남자 \xa0 2.공경대부와 서민의 중간에 있는 계층 \xa0 3.선비 \xa0 4.무사']"
91,外,"['[ wài ]', '1.밖 \xa0 2.딴 데 \xa0 3.외국']"
92,件,"['[ jiàn ]', '1.일·사건·개체의 사물을 세는 데 사용함 \xa0 2.주로 1음절어 뒤에 붙어 명사를 구성하며, 하나하나 셀 수 있는 물건을 가리킴 \xa0 3.문서 \xa0 4.공업 생산물의 계산 단위']"
93,主,"['[ zhǔ ]', '1.임자 \xa0 2.주인 \xa0 3.당사자 \xa0 4.여호와']"
94,气,"['[ qì ]', '1.기체 \xa0 2.공기 \xa0 3.호흡 \xa0 4.자연계의 현상']"
95,每,"['[ měi ]', '1.매 \xa0 2.늘 \xa0 3.자주 \xa0 4.…들']"
96,少,"['[ shǎo ]', '1.적다 \xa0 2.부족하다 \xa0 3.잃다 \xa0 4.빌리다']"
97,切,"['[ qiē ]', '1.끊다 \xa0 2.접하다 \xa0 3.성']"
98,失,"['[ shī ]', '1.잃다 \xa0 2.실수하다 \xa0 3.못찾다 \xa0 4.목적을 달성하지 못하다']"
99,算,"['[ suàn ]', '1.셈 \xa0 2.계산에 넣다 \xa0 3.계획하다 \xa0 4.추측하다']"
100,性,"['[ xìng ]', '1.성격 \xa0 2.화내다 \xa0 3.성질 \xa0 4.효력']"
101,此,"['[ cǐ ]', '1.이 \xa0 2.이 때 \xa0 3.이 곳 \xa0 4.이에']"
102,必,"['[ bì ]', '1.반드시 \xa0 2.반드시 …해야 한다 \xa0 3.보증하다']"
103,备,"['[ bèi ]', '1.구비하다 \xa0 2.미리 갖추다 \xa0 3.방비하다 \xa0 4.설비']"
104,合,"['[ hé ]', '1.감다 \xa0 2.합치다 \xa0 3.온 \xa0 4.맞다']"
105,德,"['[ dé ]', '1.덕 \xa0 2.마음 \xa0 3.은혜 \xa0 4.독일']"
106,队,"['[ duì ]', '1.열 \xa0 2.팀 \xa0 3.소년 선봉대를 가리킴 \xa0 4.무리']"
107,试,"['[ shì ]', '1.시험하다 \xa0 2.시험 \xa0 3.재다 \xa0 4.당·송대 관제의 하나']"
108,抱,"['[ bào ]', '1.안다 \xa0 2.처음으로 얻다 \xa0 3.양자로 삼다 \xa0 4.한데 뭉치다']"
109,医,"['[ yī ]', '1.의사 \xa0 2.의학 \xa0 3.치료하다 \xa0 4.성']"
110,通,"['[ tōng ]', '1.관통하다 \xa0 2.상통하다 \xa0 3.뚫다 \xa0 4.잇다']"
111,体,"['[ tǐ ]', '1.몸 \xa0 2.물체 \xa0 3.자체 \xa0 4.체제']"
112,乐,"['[ lè ]', '1.즐겁다 \xa0 2.즐기다 \xa0 3.즐거움 \xa0 4.웃다']"
113,并,"['[ bìng ]', '1.합치다 \xa0 2.나란히 하다 \xa0 3.같이 \xa0 4.결코']"
114,三,"['[ sān ]', '1.3 \xa0 2.셋 \xa0 3.재삼 \xa0 4.여러 번']"
115,早,"['[ zǎo ]', '1.아침 \xa0 2.일찍이 \xa0 3.조기의 \xa0 4.이르다']"
116,门,"['[ mén ]', '1.출입구 \xa0 2.개폐기 \xa0 3.비결 \xa0 4.문벌']"
117,约,"['[ yuē ]', '1.약속하다 \xa0 2.초대하다 \xa0 3.약속 \xa0 4.구속하다']"
118,字,"['[ zì ]', '1.글자 \xa0 2.글자의 발음 \xa0 3.자체 \xa0 4.서예']"
119,呃,"['[ kěn ]', '1.뼈에 붙어 있는 살 \xa0 2.승낙하다 \xa0 3.기꺼이 … 하다 \xa0 4.곧잘 …하다']"
120,肯,"['[ mù ]', '1.눈 \xa0 2.보다 \xa0 3.주시하다 \xa0 4.눈짓을 하다']"
121,目,"['[ xiào ]', '1.웃다 \xa0 2.비웃다 \xa0 3.웃음']"
122,笑,"['[ shāng ]', '1.상처 \xa0 2.상하다 \xa0 3.남의 감정을 상하게 하다 \xa0 4.슬퍼하다']"
123,伤,"['[ shén ]', '1.신 \xa0 2.신비롭다 \xa0 3.정신 \xa0 4.안색']"
124,神,"['[ fù ]', '1.아버지 \xa0 2.아버지 항렬 이상의 남자 \xa0 3.노인에 대한 존칭']"
125,父,"['[ zhǐ ]', '1.손가락 \xa0 2.손가락 굵기 \xa0 3.가리키다 \xa0 4.곤두서다']"
126,号,"['[ hào ]', '1.이름 \xa0 2.호 \xa0 3.상점 \xa0 4.표시']"
127,世,"['[ shì ]', '1.대 \xa0 2.대대 \xa0 3.대대로 교분이 있는 집안 \xa0 4.일생']"
128,远,"['[ yuǎn ]', '1.오래다 \xa0 2.멀다 \xa0 3.심원하다 \xa0 4.크다']"
129,片,"['[ piàn ]', '1.조각 \xa0 2.나누어진 지역 \xa0 3.얇게 자르다 \xa0 4.불완전하다']"
130,官,"['[ guān ]', '1.관리 \xa0 2.관청의 \xa0 3.공동의 \xa0 4.관직에 오르다']"
131,口,"['[ kǒu ]', '1.말 \xa0 2.요리나 반찬의 맛 \xa0 3.주둥이 \xa0 4.출입구']"
132,师,"['[ shī ]', '1.스승 \xa0 2.본 \xa0 3.…가 \xa0 4.스님']"
133,原,"['[ yuán ]', '1.최초의 \xa0 2.원래 \xa0 3.가공하지 않은 \xa0 4.근원']"
134,酒,"['[ jiǔ ]', '1.술 \xa0 2.팅크 \xa0 3.성']"
135,周,"['[ zhōu ]', '1.주 \xa0 2.주위 \xa0 3.원 \xa0 4.돌다']"
136,星,"['[ xīng ]', '1.천체 \xa0 2.별 \xa0 3.부스러기 \xa0 4.스타']"
137,识,"['[ shí ]', '1.알다 \xa0 2.견식 \xa0 3.친구 \xa0 4.표기']"
138,赛,"['[ sài ]', '1.시합하다 \xa0 2.비기다 \xa0 3.경기 \xa0 4.싸이']"
139,救,"['[ jiù ]', '1.구하다 \xa0 2.돕다 \xa0 3.도움 \xa0 4.막다']"
140,底,"['[ dǐ ]', '1.밑 \xa0 2.속사정 \xa0 3.기초 \xa0 4.사전 계획']"
141,棒,"['[ bàng ]', '1.막대기 \xa0 2.높다 \xa0 3.옥수수 \xa0 4.굳다']"
142,须,"['[ xū ]', '1.반드시 …하여야 한다 \xa0 2.반드시 \xa0 3.본래 \xa0 4.마침내']"
143,收,"['[ shōu ]', '1.거두어들이다 \xa0 2.취하다 \xa0 3.얻다 \xa0 4.수확']"
144,交,"['[ jiāo ]', '1.넘기다 \xa0 2.맡기다 \xa0 3.되다 \xa0 4.인접하다']"
145,坐,"['[ zuò ]', '1.앉다 \xa0 2.타다 \xa0 3.위치하다 \xa0 4.올려놓다']"
146,停,"['[ tíng ]', '1.멎다 \xa0 2.머물다 \xa0 3.서다 \xa0 4.정비하다']"
147,卡,"['[ kǎ ]', '1.억류하다 \xa0 2.조르다 \xa0 3.카드 \xa0 4.트럭']"
148,尼,"['[ ní ]', '1.비구니 \xa0 2.여승 \xa0 3.음역자']"
149,婚,"['[ hūn ]', '1.결혼하다 \xa0 2.혼인']"
150,格,"['[ gé ]', '1.격자 \xa0 2.표준 \xa0 3.품성 \xa0 4.장애']"
151,得,"['[ dé ]', '1.얻다 \xa0 2.계산하여 값을 얻다 \xa0 3.알맞다 \xa0 4.득의하다']"
152,过,"['[ guò ]', '1.방문하다 \xa0 2.지나다 \xa0 3.겪다 \xa0 4.갑에서 을로 옮기다']"
153,吧,"['[ ‧ba ]', '1.구말에 쓰여 상의·제의·청구·명령·독촉의 어기를 나타냄 \xa0 2.구말에 쓰여 동의 또는 승낙의 어기를 나타냄']"
154,还,"['[ hái ]', '1.아직 \xa0 2.더 \xa0 3.또 \xa0 4.…뿐만 아니라 …도']"
155,对,"['[ duì ]', '1.대답하다 \xa0 2.대하다 \xa0 3.향하다 \xa0 4.서로 맞서다']"
156,里,"['[ lǐ ]', '1.속 \xa0 2.거친 면 \xa0 3.가운데 \xa0 4.이웃']"
157,以,"['[ yǐ ]', '1.…로 \xa0 2.…에게 …을 주다 \xa0 3.…에 따라 \xa0 4.…때문에']"
158,都,"['[ dōu ]', '1.모두 \xa0 2.앞의 사람이나 사물을 총괄함 \xa0 3.‘是’와 연용해서 이유를 설명함']"
159,事,"['[ shì ]', '1.일 \xa0 2.사고 \xa0 3.직업 \xa0 4.관계']"
160,子,"['[ zǐ ]', '1.아들 \xa0 2.사람에 대한 통칭 \xa0 3.어떤 종류의 직업인에 대한 호칭 \xa0 4.고대, 남자에 대한 미칭']"
161,生,"['[ shēng ]', '1.낳다 \xa0 2.생기다 \xa0 3.발생하다 \xa0 4.삶']"
162,时,"['[ shí ]', '1.때 \xa0 2.시간 \xa0 3.계절 \xa0 4.당대']"
163,样,"['[ yàng ]', '1.모양 \xa0 2.본보기 \xa0 3.종류 \xa0 4.성']"
164,也,"['[ yě ]', '1.판단·결정의 어기를 표시 \xa0 2.의문·반문의 어기를 표시 \xa0 3.감탄의 어기를 표시']"
165,和,"['[ hé ]', '1.평화롭다 \xa0 2.부드럽다 \xa0 3.조화롭다 \xa0 4.화해하다']"
166,下,"['[ xià ]', '1.밑 \xa0 2.저급 \xa0 3.나중 \xa0 4.밑으로']"
167,真,"['[ zhēn ]', '1.진실하다 \xa0 2.정말 \xa0 3.또렷하다 \xa0 4.진']"
168,现,"['[ xiàn ]', '1.현재 \xa0 2.임시로 \xa0 3.현재 지니고 있는 \xa0 4.현금']"
169,做,"['[ zuò ]', '1.제조하다 \xa0 2.짓다 \xa0 3.하다 \xa0 4.행하다']"
170,大,"['[ dà ]', '1.크다 \xa0 2.크기 \xa0 3.크게 하다 \xa0 4.크게']"
171,啊,"['[ ‧a ]', '1.문장의 끝에 쓰여 감탄·찬탄 따위의 어세를 도움 \xa0 2.평서문·의문문·명령문의 끝에 쓰여 어기를 나타냄 \xa0 3.의문의 어기를 나타냄']"
172,怎,"['[ zěn ]', '1.왜 \xa0 2.어째서 \xa0 3.어떻게 \xa0 4.어찌하여']"
173,点,"['[ diǎn ]', '1.방울 \xa0 2.작은 얼룩 \xa0 3.한자의 자획의 하나인 점 \xa0 4.점']"
174,起,"['[ qǐ ]', '1.일어서다 \xa0 2.본래의 장소를 떠나다 \xa0 3.물체가 아래에서 위로 올라가다 \xa0 4.나다']"
175,天,"['[ tiān ]', '1.천공 \xa0 2.꼭대기 부분 \xa0 3.가장 \xa0 4.하루']"
176,把,"['[ bǎ ]', '1.쥐다 \xa0 2.대·소변을 누이다 \xa0 3.독점하다 \xa0 4.지키다']"
177,开,"['[ kāi ]', '1.트다 \xa0 2.뚫다 \xa0 3.따다 \xa0 4.벌어지다']"
178,着,"['[ ‧zhe ]', '1.…하고 있다 \xa0 2.…해 있다']"
179,让,"['[ ràng ]', '1.양보하다 \xa0 2.옆으로 피하다 \xa0 3.…을 권하다 \xa0 4.넘겨주다']"
180,给,"['[ gěi ]', '1.주다 \xa0 2.동사 뒤에 쓰여 ‘주다’ ‘바치다’의 뜻을 나타냄 \xa0 3.…을 위하여 \xa0 4.…에게']"
181,但,"['[ dàn ]', '1.다만 \xa0 2.그러나 \xa0 3.다만…만 한다면 \xa0 4.기탄없이']"
182,谢,"['[ xiè ]', '1.감사 \xa0 2.사과하다 \xa0 3.거절하다 \xa0 4.지다']"
183,只,"['[ zhī ]', '1.단독의 \xa0 2.쪽 \xa0 3.마리 \xa0 4.개']"
184,些,"['[ xiē ]', '1.약간 \xa0 2.조금 \xa0 3.조금 \xa0 4.약간']"
185,如,"['[ rú ]', '1.…에 따르다 \xa0 2.…와 같다 \xa0 3.미치다 \xa0 4.예를 들면']"
186,家,"['[ jiā ]', '1.가정 \xa0 2.부대나 기관에 소속된 사람의 집무실 \xa0 3.어떤 전문 학문에 종사하는 사람']"
187,后,"['[ hòu ]', '1.뒤 \xa0 2.순서의 뒤 \xa0 3.후대 \xa0 4.뒤떨어지다']"
188,儿,"['[ ér ]', '1.아이 \xa0 2.젊은이 \xa0 3.아들 \xa0 4.수컷의']"
189,多,"['[ duō ]', '1.많다 \xa0 2.과다한 \xa0 3.…여 \xa0 4.훨씬']"
190,意,"['[ yì ]', '1.생각 \xa0 2.뜻 \xa0 3.의견 \xa0 4.예상']"
191,别,"['[ bié ]', '1.이별하다 \xa0 2.별개의 \xa0 3.돌리다 \xa0 4.구별하다']"
192,病,"['[ bìng ]', '1.병 \xa0 2.병나다 \xa0 3.결함 \xa0 4.해치다']"
193,整,"['[ zhěng ]', '1.완전하다 \xa0 2.정 \xa0 3.가지런하다 \xa0 4.정리하다']"
194,奇,"['[ qí ]', '1.기이하다 \xa0 2.뜻밖이다 \xa0 3.이상하게 여기다 \xa0 4.성']"
195,弟,"['[ dì ]', '1.동생 \xa0 2.친척 중에서 동배로 자기보다 나이 어린 남자를 부르는 말 \xa0 3.제 \xa0 4.문인']"
196,犯,"['[ fàn ]', '1.저촉되다 \xa0 2.침범하다 \xa0 3.범죄자 \xa0 4.저지르다']"
197,装,"['[ zhuāng ]', '1.성장하다 \xa0 2.복장 \xa0 3.분장 용구와 무대 의상 \xa0 4.가장하다']"
198,贝,"['[ bèi ]', '1.조개 \xa0 2.고대의 패화 \xa0 3.진귀한 물건 \xa0 4.성']"
199,您,"['[ nín ]', '1.당신 \xa0 2.선생님 \xa0 3.귀하']"
200,怕,"['[ pà ]', '1.무서워하다 \xa0 2.근심하다 \xa0 3.아마 \xa0 4.…에는 당할 수 없다']"
201,送,"['[ sòng ]', '1.보내다 \xa0 2.주다 \xa0 3.배웅하다 \xa0 4.버리다']"
202,护,"['[ hù ]', '1.지키다 \xa0 2.비호하다 \xa0 3.성']"
203,度,"['[ dù ]', '1.길이 \xa0 2.도 \xa0 3.단위 \xa0 4.호·각의 계산 단위']"
204,花,"['[ huā ]', '1.꽃 \xa0 2.꽃 모양의 물건 \xa0 3.꽃불 \xa0 4.무늬']"
205,节,"['[ jié ]', '1.조절하다 \xa0 2.절약하다 \xa0 3.일부분을 삭제하다 \xa0 4.마디']"
206,近,"['[ jìn ]', '1.가깝다 \xa0 2.가까이하다 \xa0 3.비슷하다 \xa0 4.친하다']"
207,怪,"['[ guài ]', '1.이상하다 \xa0 2.의심쩍다 \xa0 3.매우 \xa0 4.괴물']"
208,持,"['[ chí ]', '1.가지다 \xa0 2.끝까지 지키다 \xa0 3.장악하다 \xa0 4.대항하다']"
209,光,"['[ guāng ]', '1.빛 \xa0 2.풍경 \xa0 3.영예']"
210,与,"['[ yǔ ]', '1.주다 \xa0 2.사귀다 \xa0 3.다루다 \xa0 4.칭찬하다']"
211,穿,"['[ chuān ]', '1.뚫다 \xa0 2.뚫어지다 \xa0 3.꿰뚫다 \xa0 4.뚫고 지나가다']"
212,愿,"['[ yuàn ]', '1.성실하고 신중하다 \xa0 2.소원 \xa0 3.원하다 \xa0 4.기원']"
213,象,"['[ xiàng ]', '1.코끼리 \xa0 2.상아 \xa0 3.형상 \xa0 4.가장하다']"
214,影,"['[ yǐng ]', '1.그림자 \xa0 2.어슴푸레한 형상이나 인상 \xa0 3.사진 \xa0 4.사람이나 사물의 형상']"
215,击,"['[ jī ]', '1.치다 \xa0 2.공격하다 \xa0 3.부딪치다']"
216,使,"['[ shǐ ]', '1.파견하다 \xa0 2.쓰다 \xa0 3.…하게 하다 \xa0 4.가령']"
217,取,"['[ qǔ ]', '1.가지다 \xa0 2.얻다 \xa0 3.고르다 \xa0 4.일정한 근거나 조건에 따라 행하다']"
218,游,"['[ yóu ]', '1.헤엄치다 \xa0 2.이리저리 다니다 \xa0 3.사귀다 \xa0 4.이동하다']"
219,糟,"['[ zāo ]', '1.지게미 \xa0 2.술이나 지게미에 절인 음식물 \xa0 3.썩다 \xa0 4.약하다']"
220,令,"['[ lìng ]', '1.명령하다 \xa0 2.명령 \xa0 3.…하게 하다']"
221,随,"['[ suí ]', '1.따르다 \xa0 2.따라 가다 \xa0 3.순종하다 \xa0 4.맡기다']"
222,五,"['[ wǔ ]', '1.5 \xa0 2.다섯 \xa0 3.다섯째 \xa0 4.중국 민족 음악의 한 음계']"
223,圣,"['[ shèng ]', '1.성스럽다 \xa0 2.학문이나 기술 방면에 가장 걸출한 인물 \xa0 3.성인 \xa0 4.임금에 대한 존칭']"
224,式,"['[ shì ]', '1.양식 \xa0 2.격식 \xa0 3.의식 \xa0 4.공식']"
225,投,"['[ tóu ]', '1.던지다 \xa0 2.집어넣다 \xa0 3.부치다 \xa0 4.뛰어들다']"
226,化,"['[ huà ]', '1.변하다 \xa0 2.감화하다 \xa0 3.녹다 \xa0 4.삭이다']"
227,未,"['[ wèi ]', '1.아직 …하지 않다 \xa0 2.…이 아니다 \xa0 3.문장 끝에 쓰여 의문을 나타냄 \xa0 4.미']"
228,束,"['[ shù ]', '1.묶다 \xa0 2.묶음 \xa0 3.10개 \xa0 4.5필']"
229,醒,"['[ xǐng ]', '1.깨다 \xa0 2.잠에서 깨다 \xa0 3.녹이다 \xa0 4.깨닫다']"
230,威,"['[ wēi ]', '1.위엄 \xa0 2.존엄 \xa0 3.위협하다 \xa0 4.으르다']"
231,班,"['[ bān ]', '1.반 \xa0 2.근무 \xa0 3.분대 \xa0 4.옛날 극단을 일컫던 말']"
232,终,"['[ zhōng ]', '1.끝 \xa0 2.죽음 \xa0 3.죽다 \xa0 4.결국']"
233,差,"['[ chà ]', '1.다르다 \xa0 2.부족하다 \xa0 3.나쁘다 \xa0 4.맞지 않다']"
234,梦,"['[ mèng ]', '1.꿈 \xa0 2.헛된 생각 \xa0 3.꿈꾸다 \xa0 4.성']"
235,赢,"['[ yíng ]', '1.이기다 \xa0 2.이익 \xa0 3.지다 \xa0 4.획득하다']"
236,药,"['[ yào ]', '1.약물 \xa0 2.화학 약품 \xa0 3.약으로 치료하다 \xa0 4.독살하다']"
237,迪,"['[ dí ]', '1.인도하다 \xa0 2.이끌다 \xa0 3.나아가다 \xa0 4.앞으로 가다']"
238,店,"['[ diàn ]', '1.여관 \xa0 2.여인숙 \xa0 3.상점 \xa0 4.가게']"
239,惊,"['[ jīng ]', '1.놀라게 하다 \xa0 2.놀라다 \xa0 3.터지다 \xa0 4.진동으로 상하다']"
240,迎,"['[ yíng ]', '1.영접하다 \xa0 2.맞이하다 \xa0 3.…를 향하여 \xa0 4.…쪽으로']"
241,段,"['[ duàn ]', '1.사물이나 시간 따위의 한 구분을 나타냄 \xa0 2.도막 \xa0 3.일정한 시간·공간의 거리나 구간 \xa0 4.사물의 한 부분']"
242,礼,"['[ lǐ ]', '1.의식 \xa0 2.예 \xa0 3.선물 \xa0 4.예로써 마주 대하다']"
243,份,"['[ fèn ]', '1.전체 중의 일부분 \xa0 2.배합해서 한 벌이 되는 것 \xa0 3.신문·문건을 세는 단위']"
244,数,"['[ shǔ ]', '1.세다 \xa0 2.꼽히다 \xa0 3.나열하다']"
245,疯,"['[ fēng ]', '1.실성 \xa0 2.발광 \xa0 3.웃자라다 \xa0 4.도장하다']"
246,平,"['[ píng ]', '1.평평하다 \xa0 2.평평하게 만들다 \xa0 3.같은 정도이다 \xa0 4.공평하다']"
247,杰,"['[ jié ]', '1.재능이 출중한 사람 \xa0 2.걸출하다 \xa0 3.특출하다 \xa0 4.뛰어나다']"
248,校,"['[ jiào ]', '1.정정하다 \xa0 2.비교하다 \xa0 3.계산하다']"
249,幸,"['[ xìng ]', '1.행복 \xa0 2.기뻐하다 \xa0 3.바라다 \xa0 4.다행히']"
250,专,"['[ zhuān ]', '1.전문적이다 \xa0 2.전문적으로 \xa0 3.특별하다 \xa0 4.독차지하다']"
251,复,"['[ fù ]', '1.중복하다 \xa0 2.복잡한 \xa0 3.돌아오다 \xa0 4.대답하다']"
252,量,"['[ liáng ]', '1.재다 \xa0 2.가늠하다 \xa0 3.사다']"
253,首,"['[ shǒu ]', '1.머리 \xa0 2.최고의 \xa0 3.수령 \xa0 4.최초의']"
254,改,"['[ gǎi ]', '1.변하다 \xa0 2.바꾸다 \xa0 3.고치다 \xa0 4.바로잡다']"
255,忘,"['[ wàng ]', '1.잊다 \xa0 2.망각하다 \xa0 3.소홀히 하다 \xa0 4.경시하다']"
256,术,"['[ shù ]', '1.기술 \xa0 2.방법 \xa0 3.고을 가운데를 통과하는 도로']"
257,局,"['[ jú ]', '1.바둑판 \xa0 2.바둑·장기·경기 등의 승부의 한 판 \xa0 3.형세 \xa0 4.국면']"
258,客,"['[ kè ]', '1.여객 \xa0 2.외지에 기거하거나 천거하다 \xa0 3.객상 \xa0 4.손님']"
259,假,"['[ jiǎ ]', '1.거짓 \xa0 2.가짜로 \xa0 3.가정하다 \xa0 4.만약']"
260,永,"['[ yǒng ]', '1.길다 \xa0 2.영원히 \xa0 3.성']"
261,维,"['[ wéi ]', '1.매다 \xa0 2.유지하다 \xa0 3.실처럼 가늘고 긴 것 \xa0 4.바']"
262,岁,"['[ suì ]', '1.세 \xa0 2.해 \xa0 3.작황 \xa0 4.시간']"
263,弹,"['[ tán ]', '1.튕기다 \xa0 2.기계를 이용하여 섬유를 부드럽게 하다 \xa0 3.튀기다 \xa0 4.타다']"
264,静,"['[ jìng ]', '1.움직이지 않다 \xa0 2.조용하다 \xa0 3.조용히 하다 \xa0 4.깨끗하다']"
265,故,"['[ gù ]', '1.사고 \xa0 2.원인 \xa0 3.고의로 \xa0 4.그러므로']"
266,建,"['[ jiàn ]', '1.짓다 \xa0 2.설립하다 \xa0 3.제기하다 \xa0 4.젠장']"
267,团,"['[ tuán ]', '1.둥글다 \xa0 2.단자 \xa0 3.덩어리 \xa0 4.둥글게 빚다']"
268,王,"['[ wáng ]', '1.왕 \xa0 2.우두머리 \xa0 3.큰 \xa0 4.최강의']"
269,山,"['[ shān ]', '1.산 \xa0 2.산과 같은 모양을 한 것 \xa0 3.누에섶 \xa0 4.웅장하다']"
270,普,"['[ pǔ ]', '1.보편적 \xa0 2.전면적 \xa0 3.일반적 \xa0 4.성']"
271,价,"['[ jià ]', '1.값 \xa0 2.가치 \xa0 3.원자가의 가']"
272,元,"['[ yuán ]', '1.처음 \xa0 2.으뜸 \xa0 3.주요한 \xa0 4.원소']"
273,角,"['[ jiǎo ]', '1.뿔 \xa0 2.옛날, 군대에서 쓰던 악기 \xa0 3.각이 진 모양의 물건 \xa0 4.곶']"
274,怀,"['[ huái ]', '1.품 \xa0 2.마음 \xa0 3.생각하다 \xa0 4.임신하다']"
275,床,"['[ chuáng ]', '1.침대 \xa0 2.자리 \xa0 3.물건을 놓는 대 \xa0 4.우물의 난간']"
276,奥,"['[ ào ]', '1.심오하다 \xa0 2.옛날, 집의 서남쪽 귀퉁이 \xa0 3.안 \xa0 4.‘奥斯忒’의 준말']"
277,飞,"['[ fēi ]', '1.날다 \xa0 2.휘날리다 \xa0 3.아주 빠르다 \xa0 4.날아가다']"
278,业,"['[ yè ]', '1.일 \xa0 2.직업 \xa0 3.학업 \xa0 4.사업']"
279,续,"['[ xù ]', '1.이어지다 \xa0 2.잇다 \xa0 3.더하다 \xa0 4.계승하다']"
280,母,"['[ mǔ ]', '1.어머니 \xa0 2.자기보다 윗 세대인 여성에 대한 호칭 \xa0 3.암컷']"
281,空,"['[ kōng ]', '1.텅 비다 \xa0 2.내용이 없다 \xa0 3.넓다 \xa0 4.비우다']"
282,军,"['[ jūn ]', '1.군대 \xa0 2.군단 \xa0 3.진을 치다']"
283,跑,"['[ pǎo ]', '1.달리다 \xa0 2.도망하다 \xa0 3.걷다 \xa0 4.어떤 일을 위해 뛰어다니다']"
284,阿,"['[ ē ]', '1.아첨하다 \xa0 2.큰 언덕 \xa0 3.모퉁이 \xa0 4.마룻대']"
285,尽,"['[ jìn ]', '1.다 없어지다 \xa0 2.죽다 \xa0 3.극치에 달하다 \xa0 4.다 쓰다']"
286,注,"['[ zhù ]', '1.쏟다 \xa0 2.한곳에 모으다 \xa0 3.꾸러미 \xa0 4.거는 돈']"
287,弄,"['[ nòng ]', '1.가지고 놀다 \xa0 2.하다 \xa0 3.손에 넣다 \xa0 4.농간질하다']"
288,务,"['[ wù ]', '1.사정 \xa0 2.종사하다 \xa0 3.노력하다 \xa0 4.재배하다']"
289,基,"['[ jī ]', '1.기초 \xa0 2.기초적인 \xa0 3.기초하다 \xa0 4.기']"
290,台,"['[ tái ]', '1.누대 \xa0 2.단 \xa0 3.받침대 \xa0 4.대 모양의 건축 구조물']"
291,另,"['[ lìng ]', '1.다른 \xa0 2.따로 \xa0 3.갈라지다 \xa0 4.令']"
292,恩,"['[ hùn ]', '1.근심하다 \xa0 2.걱정하다 \xa0 3.어지럽게 하다 \xa0 4.교란하다']"
293,书,"['[ shū ]', '1.쓰다 \xa0 2.글씨체 \xa0 3.책 \xa0 4.서신']"
294,统,"['[ tǒng ]', '1.계통 \xa0 2.실마리 \xa0 3.거느리다 \xa0 4.종합하다']"
295,风,"['[ fēng ]', '1.바람 \xa0 2.바람의 힘으로…하다 \xa0 3.바람에 말린 것 \xa0 4.풍속']"
296,况,"['[ kuàng ]', '1.모양 \xa0 2.견주다 \xa0 3.성 \xa0 4.하물며']"
297,四,"['[ sì ]', '1.4 \xa0 2.중국 음악의 음계의 하나 \xa0 3.성']"
298,黑,"['[ hēi ]', '1.검다 \xa0 2.어둡다 \xa0 3.은밀한 \xa0 4.나쁘다']"
299,否,"['[ fǒu ]', '1.부정하다 \xa0 2.아니다']"
300,险,"['[ xiǎn ]', '1.요해 \xa0 2.험하다 \xa0 3.위험 \xa0 4.보험']"
301,言,"['[ yán ]', '1.말 \xa0 2.말하다 \xa0 3.한자의 한 글자 \xa0 4.말씀 언변 ‘言’']"
302,伊,"['[ yī ]', '1.문장 앞에 놓여 발어사로 사용되거나, 문장의 중간에 놓여 어조를 고르게 함 \xa0 2.그 \xa0 3.이 \xa0 4.음역에 사용되는 글자']"
303,讨,"['[ tǎo ]', '1.정벌하다 \xa0 2.요구하다 \xa0 3.장가들다 \xa0 4.초래하다']"
304,责,"['[ zé ]', '1.책임 \xa0 2.책임지우다 \xa0 3.질문하다 \xa0 4.나무라다']"
305,昨,"['[ zuó ]', '1.어제 \xa0 2.과거 \xa0 3.옛날 \xa0 4.이전']"
306,闭,"['[ bì ]', '1.닫다 \xa0 2.막히다 \xa0 3.끝나다 \xa0 4.성']"
307,庭,"['[ tíng ]', '1.대청 \xa0 2.뜰 \xa0 3.법정 \xa0 4.가정']"
308,设,"['[ shè ]', '1.차리다 \xa0 2.계획하다 \xa0 3.가정하다 \xa0 4.만일']"
309,松,"['[ sōng ]', '1.소나무 \xa0 2.헐겁다 \xa0 3.늦추다 \xa0 4.여유가 있다']"
310,博,"['[ bó ]', '1.많다 \xa0 2.아는 것이 많다 \xa0 3.크다 \xa0 4.얻다']"
311,置,"['[ zhì ]', '1.놓다 \xa0 2.설립하다 \xa0 3.사 놓다 \xa0 4.조처하다']"
312,逃,"['[ táo ]', '1.달아나다 \xa0 2.도망치다 \xa0 3.도피하다 \xa0 4.피하다']"
313,观,"['[ guàn ]', '1.도관 \xa0 2.종묘나 궁정의 대문 밖 좌우에 있는 높은 대 \xa0 3.64괘의 하나 \xa0 4.성']"
314,痛,"['[ tòng ]', '1.아프다 \xa0 2.슬퍼하다 \xa0 3.미워하다 \xa0 4.심하게']"
315,狂,"['[ kuáng ]', '1.미치다 \xa0 2.격렬하다 \xa0 3.기분 내키는대로 \xa0 4.분별이 없다']"
316,足,"['[ zú ]', '1.발 \xa0 2.다리 \xa0 3.축구팀 \xa0 4.축구']"
317,码,"['[ mǎ ]', '1.숫자를 나타내는 부호 \xa0 2.숫자를 표시하는 도구 \xa0 3.번수 \xa0 4.가지']"
318,恐,"['[ kǒng ]', '1.두려워하다 \xa0 2.놀래다 \xa0 3.아마']"
319,吉,"['[ jí ]', '1.길하다 \xa0 2.혼례 \xa0 3.지린성의 약칭 \xa0 4.성']"
320,历,"['[ lì ]', '1.역법 \xa0 2.역서 \xa0 3.책력 \xa0 4.행사 일정']"
321,慢,"['[ màn ]', '1.느리다 \xa0 2.늦추다 \xa0 3.태도가 쌀쌀하다 \xa0 4.않다']"
322,妻,"['[ qī ]', '1.처 \xa0 2.아내']"
323,嘛,"['[ ‧ma ]', '1.뚜렷한 사실을 강조할 때 쓰임 \xa0 2.吗(3) \xa0 3.인정하려는 어기를 나타냄']"
324,哈,"['[ hā ]', '1.하 하다 \xa0 2.아하 \xa0 3.하하']"
325,助,"['[ zhù ]', '1.돕다 \xa0 2.협조하다']"
326,达,"['[ dá ]', '1.통하다 \xa0 2.도달하다 \xa0 3.통달하다 \xa0 4.전달하다']"
327,参,"['[ cān ]', '1.가입하다 \xa0 2.참고하다 \xa0 3.나아가 뵈옵다 \xa0 4.탄핵하다']"
328,院,"['[ yuàn ]', '1.뜰 \xa0 2.어떤 기관이나 공공 장소 \xa0 3.단과 대학 \xa0 4.금·원·명 시대의 기관']"
329,嘴,"['[ zuǐ ]', '1.입의 통칭 \xa0 2.기물의 주둥이 \xa0 3.말 \xa0 4.호구지책']"
330,毒,"['[ dú ]', '1.독 \xa0 2.해독 \xa0 3.마약 \xa0 4.유독한']"
331,越,"['[ yuè ]', '1.넘다 \xa0 2.정도를 넘다 \xa0 3.높아지다 \xa0 4.떨어지다']"
332,律,"['[ lǜ ]', '1.법 \xa0 2.규율 \xa0 3.율려 \xa0 4.음률']"
333,费,"['[ fèi ]', '1.비용 \xa0 2.쓰다 \xa0 3.성']"
334,科,"['[ kē ]', '1.과거 \xa0 2.배우 양성소 \xa0 3.법률 조문 \xa0 4.부과하다']"
335,麻,"['[ má ]', '1.삼 \xa0 2.인견의 다른 이름 \xa0 3.참깨 \xa0 4.표면이 거칠다']"
336,简,"['[ jiǎn ]', '1.간단하다 \xa0 2.간단하게 하다 \xa0 3.푸대접하다 \xa0 4.지엔']"
337,易,"['[ yì ]', '1.쉽다 \xa0 2.온화하다 \xa0 3.경시하다 \xa0 4.변화시키다']"
338,流,"['[ liú ]', '1.흐르다 \xa0 2.유동하다 \xa0 3.떠돌다 \xa0 4.전하다']"
339,治,"['[ zhì ]', '1.나라·사회·집안의 일을 보살피고 주재하다 \xa0 2.다스리다 \xa0 3.안정되다 \xa0 4.옛날, 지방 정부의 소재지']"
340,唱,"['[ chàng ]', '1.노래하다 \xa0 2.크게 외치다 \xa0 3.노래 \xa0 4.언명하다']"
341,答,"['[ dá ]', '1.대답하다 \xa0 2.보답하다 \xa0 3.답례하다']"
342,倒,"['[ dào ]', '1.거꾸로 되다 \xa0 2.역으로 \xa0 3.후퇴하다 \xa0 4.따르다']"
343,划,"['[ huà ]', '1.긋다 \xa0 2.건네주다 \xa0 3.계획하다 \xa0 4.画(2)']"
344,控,"['[ kòng ]', '1.고소하다 \xa0 2.제어하다 \xa0 3.당기다 \xa0 4.매달다']"
345,卖,"['[ mài ]', '1.팔다 \xa0 2.팔아먹다 \xa0 3.힘을 다하다 \xa0 4.내보이다']"
346,显,"['[ xiǎn ]', '1.분명하다 \xa0 2.보이다 \xa0 3.명성이 있다 \xa0 4.훌륭하게 보이다']"
347,监,"['[ jiān ]', '1.감시하다 \xa0 2.감독하다 \xa0 3.감옥']"
348,半,"['[ bàn ]', '1.2분의 1 \xa0 2.한가운데의 \xa0 3.매우 적은 양을 나타냄 \xa0 4.반쯤']"
349,图,"['[ tú ]', '1.그림 \xa0 2.계획하다 \xa0 3.꾀하다 \xa0 4.의도']"
350,语,"['[ yǔ ]', '1.말 \xa0 2.말하다 \xa0 3.속담 \xa0 4.말을 대신하는 동작이나 수단']"
351,付,"['[ fù ]', '1.교부하다 \xa0 2.지불하다 \xa0 3.副(2) \xa0 4.첩']"
352,制,"['[ zhì ]', '1.제조하다 \xa0 2.제정하다 \xa0 3.제지하다 \xa0 4.제도']"
353,文,"['[ wén ]', '1.문자 \xa0 2.언어 \xa0 3.문장 \xa0 4.문언문']"
354,探,"['[ tàn ]', '1.찾다 \xa0 2.정찰하다 \xa0 3.정찰에 종사하는 사람 \xa0 4.찾아가다']"
